followers_count,friends_count,listedcount,favourites_count,verified,statuses_count,default_profile,default_profile_image,has_extended_profile,bot
2925,3,139,0,0,708,1,0,0,1
9,0,5,0,0,6,1,0,0,1
132,46,24,740,0,7346,1,0,0,1
54,1351,0,2,0,6,1,0,0,1
1300380,24248,7089,4184,1,8536,0,0,0,0
533,2,34,2,0,1056,1,0,0,1
343,1,8,0,0,5140,1,0,0,1
8217,2927,368,756,1,1396,0,0,0,0
307,4,14,5,0,2060,1,0,0,1
300,1,17,0,0,4092,1,0,0,1
159,0,8,0,0,904,0,0,0,1
416318,567,173,8652,1,4551,0,0,0,0
3012,729,754,10678,0,14560,0,0,0,0
197,0,11,0,0,199,0,0,0,1
2,5,0,3,0,6,1,0,N/A,0
66500,2456,1385,223,1,25109,0,0,0,0
5,237,0,0,0,2,1,0,1,0
2845,4,62,0,0,16272,0,0,0,1
1474799,1,6818,1793,0,20990,0,0,0,1
17,0,6,0,0,1859,1,0,0,1
85,4707,0,2,0,4,1,0,0,1
28875,0,855,0,1,437,0,0,0,0
1,319,0,19,0,25,1,0,0,1
1599,3,3,2,0,18100,1,0,0,1
16,1,8,0,0,3222,0,0,1,1
0,259,0,21,0,18,1,0,0,1
2775633,139,24528,20,1,426,0,0,0,0
159,242,3,13,0,292,1,0,0,0
46,12,12,986,0,6083,0,0,0,0
2,236,0,15,0,20,1,0,0,1
0,37,0,0,0,0,1,1,N/A,1
74,0,7,1,0,9057,1,0,0,1
29,0,16,0,0,2839,0,0,0,1
107622,76,1144,127,1,3900,0,0,1,0
502303,13766,4875,3374,1,69778,0,0,1,0
760,1,45,31,0,4193,1,0,0,1
0,98,0,0,0,2,1,1,0,1
375395,856,2743,1051,1,12859,0,0,0,0
4391,0,113,4,0,8732,1,0,0,1
289,208,4,20,0,1247,0,0,0,0
3706945,69092,14625,31627,1,63643,0,0,1,0
301788,46,2199,0,1,177,1,0,0,0
554,1188,13,1579,0,25119,0,0,1,0
687819,289,5197,4662,1,16654,0,0,0,0
211616,8617,4071,1941,1,2037,0,0,0,0
1571,181,49,608,0,409,0,0,0,0
111,329,1,2,0,1978,0,0,0,0
4937,5,135,0,0,1641,1,0,0,1
90,3,11,2,0,6585,0,0,0,1
27481,1,265,4,0,42940,1,0,0,1
214,265,0,24,0,816,0,0,0,0
9,30,0,0,0,6,1,1,0,0
248,231,46,56,0,71111,1,0,0,1
7886947,239,5192,4533,1,1637,0,0,1,0
13071,12939,27,315,0,1778,1,0,0,0
15,65,1,0,0,65,0,0,0,0
78,41,0,6628,0,4249,1,0,0,1
274,2,14,21,0,15340,1,0,0,1
6298,3780,82,85334,0,46617,0,0,1,0
33,2272,0,287,0,362,0,0,0,1
10,15,0,13,0,3,1,0,0,1
50549694,95,86635,0,1,2822,0,0,0,0
2633,2086,140,555,0,9628,0,0,0,0
957244,372,6928,3345,1,305,0,0,0,0
12,0,4,0,0,251,1,1,0,1
12853,13,453,0,0,4874,1,0,0,1
35,2,7,0,0,4571,0,0,0,1
8674,50,8,47,0,354,1,0,0,0
21,2033,1,317,0,403,0,0,0,1
1763697,397,5993,708,1,3859,0,0,0,0
149,65,7,60,0,95,0,0,0,0
3523,2726,142,32,0,18407,0,0,0,1
173,0,13,0,0,6893,1,0,0,1
8637650,2001,7746,81,1,9769,0,0,0,0
1609,0,60,0,0,1670,1,0,0,1
206,2,16,8,0,18817,0,0,0,1
1193,2268,43,1437,0,2991,0,0,0,0
132562,842,3292,4046,1,5000,0,0,0,0
362770,355287,1895,9,1,3042,1,0,1,1
540,2,65,0,0,745,0,0,0,1
647,0,7,3,0,75704,1,0,0,1
9374054,663,46921,491,1,66,0,0,0,0
371,1,32,2,0,3849,1,0,0,1
7614166,62,10958,0,1,4630,0,0,0,0
144137,1,3753,1,1,377,0,0,0,0
999,968,47,398,0,1027,0,0,0,0
5280,6,164,9,0,17341,0,0,0,1
505,13,49,0,0,5109,0,0,0,1
1087,1,40,0,0,1947,1,0,0,1
1,495,0,87,0,97,1,0,0,1
152,374,0,47,0,1044,1,0,0,1
1044180,557,3582,5,1,2389,0,0,0,0
26040,729,235,0,0,87219,1,0,0,1
1344610,2006,11357,949,1,11970,0,0,0,0
203,97,20,1218,0,570,0,0,0,0
192,304,3,128,0,119,0,0,0,0
25255491,671,51938,177,1,6976,0,0,0,0
1,341,0,44,0,36,1,0,0,1
1374,2102,13,2,0,114,1,0,0,1
4870150,41019,14970,5886,1,57218,0,0,1,0
3885,333,186,153,0,2100,1,0,0,0
29,97,0,0,0,3,1,0,1,1
66,2,20,0,0,5647,1,0,0,1
26,0,9,0,0,1317,0,0,0,1
250,523,8,3313,0,596,0,0,0,0
71727,34,778,0,0,109163,1,0,0,1
33,1,10,0,0,4032,0,0,1,1
2838072,261,7044,27,1,15473,0,0,0,0
3039240,1744,35817,412,1,37953,0,0,0,0
75,0,7,0,0,6414,1,0,0,1
31,0,6,0,0,975,1,0,0,1
7,55,0,0,0,19,1,0,0,0
119,1,21,0,0,18719,0,0,0,1
738119,33,13315,6,1,1125,0,0,0,0
1,315,0,13,0,27,1,0,0,1
79,244,0,821,0,4018,0,0,0,0
887,0,14,20624,0,43512,0,0,0,1
232,238,3,2721,0,33238,0,0,0,0
2,501,0,102,0,130,1,0,0,1
136,300,5,95,0,1748,0,0,0,0
32,79,0,0,0,493,0,0,0,0
0,349,0,42,0,77,1,0,0,1
1727,46,47,193,0,28918,1,0,0,1
243,4,4,0,0,69595,1,0,0,1
2,386,0,28,0,41,1,0,0,1
2,31,0,159,0,1,1,0,0,1
392,638,22,110,0,4530,1,0,0,0
1,369,0,28,0,36,1,0,0,1
689,4,35,1,0,46115,0,0,0,1
506,11,48,5,0,41052,1,0,0,1
1104,136,29,0,0,483,0,0,0,1
17,1,8,0,0,1522,1,0,0,1
630,4,42,96,0,15036,0,0,0,1
40,141,0,0,0,292,0,0,0,0
533146,454,4398,111,1,9671,0,0,1,0
2,75,0,0,0,0,1,1,N/A,0
197,599,2,135,0,1732,0,0,1,0
779,471,209,271,0,278,0,0,0,0
0,35,0,58,0,83,1,0,0,1
2923,1,52,0,0,652,0,0,0,1
1030609,4200,5333,746,1,18369,0,0,1,0
0,32,0,59,0,82,1,0,0,1
2254,200,45,573,0,3437,0,0,0,0
5324,184,151,1350,1,2631,0,0,1,0
8073,1,118,0,0,29984,0,0,0,1
114,128,3,43,0,6325,0,0,0,0
292043,4643,3088,9625,1,37195,0,0,0,0
397,2436,36,171,0,569,0,0,0,0
66,481,0,369,0,530,0,0,0,0
247,0,53,2,0,17811,0,0,0,1
4,492,0,57,0,76,1,0,0,1
1,328,0,27,0,26,1,0,0,1
119,0,11,0,0,1761,1,0,0,1
5458,4382,351,27939,0,6819,0,0,N/A,0
3,336,0,29,0,39,1,0,0,1
236,0,37,0,0,2821,0,0,0,1
104765,7128,6189,3256,1,13703,0,0,0,0
66368,636,838,338,1,1976,0,0,0,0
216,50,3,423,0,9957,0,0,0,0
26318809,354,70385,26,1,4642,0,0,0,0
957,2826,39,3255,0,4413,0,0,0,1
45,150,24,32,0,108,0,0,0,0
85,1,14,0,0,24631,0,0,0,1
142,1,20,0,0,3555,0,0,0,1
28933243,800,27857,43,1,42955,0,0,0,0
2671727,92031,14909,100,1,58530,0,0,0,0
301,786,10,561,0,1814,0,0,0,0
27,118,1,28,0,29,1,0,0,0
94472,66,62,336,1,857,0,0,0,0
571310,76070,4909,37437,1,56077,0,0,1,0
22,2107,1,297,0,387,0,0,0,1
1,162,0,0,0,0,1,1,0,1
44,99,2,20,0,24,0,0,1,0
77,490,0,1,0,15,0,0,0,1
118242,429,2996,2752,1,5329,0,0,0,0
25887,2623,411,17033,0,14258,0,0,0,0
0,10,0,0,0,1,1,0,N/A,0
6696,5379,172,756,0,5688,0,0,0,0
9942270,462,34321,13944,1,7312,0,0,0,0
2077766,113,5359,74,1,2274,0,0,0,0
112379,2116,73,2641,0,6421,1,0,1,0
1,41,1,80,0,126,1,0,0,1
16,19,0,6,0,37,0,0,0,0
1825704,7,1182,20,1,3781,0,0,0,0
376564,423,734,5306,1,1747,0,0,0,0
2282,275,65,493,0,4757,0,0,0,0
41,290,0,79,0,3,1,0,1,0
44,5,11,3,0,2396,1,0,0,1
292,1,26,0,0,1958,0,0,0,1
84,103,7,107,0,158,0,0,0,0
166,25,18,0,0,3622,0,0,0,1
7222,787,116,4,0,16034,0,0,1,0
8,1,1,0,0,0,1,0,0,1
7519,7,282,93,0,11363,0,0,0,0
381,197,33,2822,0,3064,0,0,0,0
62647,277,1197,431,1,11885,0,0,0,0
4060,95,24,39,0,26,0,0,1,0
166,1,24,0,0,17017,0,0,0,1
113,280,6,2600,0,4538,0,0,0,0
1786,2525,21,1,0,136932,0,0,0,1
20997,567,528,433,1,1927,0,0,0,0
3654259,1336,1129,3557,1,3456,0,0,0,0
19,23,4,2,0,2768,0,0,1,1
25,166,0,0,0,12,1,1,0,0
251,545,1,5095,0,2317,0,0,0,0
14448,699,479,5322,1,6444,0,0,0,0
945,2027,3,2847,0,13935,0,0,0,1
88,231,2,9,0,184,0,0,0,0
3917025,401,19708,15,1,47384,0,0,0,0
8,91,0,0,0,18,1,1,0,1
1617508,326,8249,788,1,17816,0,0,0,0
835901,36,446,18,1,289,0,0,1,0
211,1,31,0,0,46816,1,0,0,1
20,0,16,0,0,42453,1,0,0,1
8939,6003,516,710,0,5846,1,0,0,1
1464,40,157,996,0,144584,0,0,0,1
7088,354,418,546,0,309,1,0,0,0
0,70,0,0,0,0,1,1,N/A,1
175,2,20,2,0,8843,1,0,0,1
29,1,9,0,0,105,1,0,0,1
6,0,4,0,0,11,1,0,0,1
2623,5,52,409,0,3952,0,0,0,1
5,11,0,0,0,0,1,0,0,0
232,386,1,3798,0,2369,1,0,0,0
61,0,3,0,0,81,1,0,0,1
876,448,38,67,0,9732,0,0,1,0
1221007,14466,5214,3216,1,12793,0,0,0,0
5,603,1,155,0,166,1,0,0,1
168,2,18,0,0,12406,1,0,0,1
829,621,36,753,0,9500,0,0,0,0
53028,10,405,0,1,25,1,0,0,0
214,746,3,155,0,1177,0,0,0,0
203,2231,0,693,0,36,1,0,0,0
2108,3,60,8,0,49270,0,0,0,1
8740007,9,9992,1127,1,36200,0,0,0,0
2133107,50,17074,2,1,1337,0,0,0,0
3,156,0,0,0,2,1,1,0,1
513333,243,3857,48,1,1707,0,0,0,0
121,592,13,1690,0,1085,1,0,1,0
47395,1099,3332,714021,1,24623,0,0,1,0
397,684,3,5430,0,5649,1,0,0,0
815583,178,4533,484,1,2391,0,0,0,0
48,13,0,0,0,10,0,0,0,0
44865,113,481,907,1,3460,0,0,0,0
240,2,13,0,0,3622,0,0,0,0
4,102,0,2,0,0,1,0,1,1
578,17,96,0,0,5234,0,0,0,1
1267,134,13,9912,0,7029,0,0,0,0
14,593,0,1,0,4,1,0,0,1
428,410,13,630,0,16989,1,0,0,1
3342242,799,945,3517,1,5428,0,0,0,0
1353,76,4,1,0,21536,0,0,0,1
41,0,11,0,0,300,1,0,0,1
146,932,0,3,0,9,0,0,0,0
8,0,4,0,0,528,1,0,0,1
506,257,4,1863,0,34250,0,0,0,0
2135538,511,12020,6,1,6781,1,0,0,0
10832,2673,42,2413,0,34971,0,0,0,1
74,2,5,0,0,608,0,0,0,1
3,8,0,1,0,13,1,0,0,0
120,836,0,1,0,8,1,0,0,1
60,11,11,2,0,4882,1,0,0,1
49,277,1,0,0,7,1,0,0,1
54,89,0,1,0,1177,0,0,0,0
74704,1,618,5919,0,49429,0,0,0,1
601,0,53,0,0,24135,0,0,0,1
68,255,0,0,0,6,1,1,0,0
43721,165,681,0,0,938563,0,0,0,1
0,20,0,0,0,0,1,1,N/A,1
803334,9226,4170,2529,1,33583,0,0,0,0
750,2657,266,8757,0,14773,0,0,0,0
10014,27,326,0,0,14473,0,0,1,1
23763283,81,29416,14,1,56274,0,0,0,0
93,0,24,0,0,5145,0,0,0,1
93,272,0,0,0,0,1,0,0,0
22,1,9,0,0,3868,1,0,0,1
136,2,14,0,0,5684,0,0,0,1
3,28,0,60,0,96,1,0,0,1
99158,2692,943,150,1,16524,0,0,0,0
2944752,555,32524,32759,1,30143,0,0,1,0
35,134,7,17,0,989,0,0,0,0
27878790,1688,20383,0,1,14354,0,0,1,0
2,52,0,87,0,128,1,0,0,1
4763532,742,8997,158,1,20404,0,0,0,0
856,1078,7,0,0,130262,1,0,0,1
1717,25,53,0,0,9,1,0,0,0
96801,310,895,23,1,25003,0,0,0,0
0,30,0,0,0,0,1,1,N/A,1
1951,125,57,10,0,170,1,0,0,0
297738,328,1607,17,1,2639,0,0,0,0
318163,759,1961,125,1,22964,0,0,0,0
55,1343,0,0,0,0,1,1,0,1
0,37,0,39,0,63,1,0,0,1
2,116,0,4,0,8,1,0,N/A,1
208,190,0,180,0,81,0,0,1,0
18,92,0,14,0,7,1,0,0,0
1,331,1,15,0,29,1,0,0,1
560,378,29,902,0,1134,0,0,0,0
45,143,2,0,0,180,0,0,0,0
37,0,8,0,0,0,1,0,0,1
30,0,8,0,0,11572,0,0,0,1
7,163,0,0,0,1,1,0,0,1
2651471,519,7734,1316,1,2078,1,0,0,0
6755,207,338,474,1,2370,0,0,0,0
67,0,17,0,0,886,1,0,0,1
62,1,9,1,0,1760,1,0,0,1
499,53,51,75,0,2592,1,0,0,1
193,208,5,851,0,4047,0,0,0,0
1569900,81,2516,4,1,1153,0,0,0,0
4896,8,2186,57638,0,57640,0,0,0,1
19309,1202,1139,254,1,5036,0,0,0,0
17194019,143,36881,40,1,853,0,0,0,0
204,269,61,635,0,2672,0,0,0,0
349930,845,4885,70,1,20775,1,0,0,0
1,352,0,29,0,33,1,0,0,1
2844,126,110,692,1,263,1,0,0,0
43536,1,131,1,0,104405,0,0,0,1
86657,933,1101,9061,1,124550,0,0,1,0
256832,657,3930,45,1,2724,0,0,0,0
0,118,0,0,0,0,1,1,N/A,1
1182355,272,9485,2498,1,9677,0,0,0,0
887384,343,5325,1032,1,52594,0,0,0,0
870,667,1,243,0,617,0,0,0,0
52,337,0,2503,0,247,0,0,0,0
6664,1,196,0,0,6025,1,0,0,1
4,70,0,1,0,1,0,0,1,1
116,1,9,0,0,4659,1,0,0,1
662,3,6,60,0,29818,1,0,0,1
35,3,17,0,0,53057,1,0,0,1
289928,1061,1433,18,1,19353,0,0,0,0
1106,4998,6,119,0,136,0,0,N/A,0
49222,8,1772,19,0,489,1,0,0,0
366,0,59,0,0,19686,1,0,0,1
11,1983,0,323,0,397,0,0,0,1
49468,46,79,418,0,10015,0,0,0,0
46,70,2,205,0,173,0,0,N/A,0
752,0,4,86,0,21132,1,0,0,1
1026238,223642,7199,14499,1,19256,0,0,0,0
600,818,40,651,0,1787,0,0,0,1
180,4,7,2,0,5265,0,0,0,1
0,350,0,23,0,35,1,0,0,1
34,1,8,0,0,41492,0,0,0,1
70,354,8,60,0,5074,0,0,0,0
7973,6,450,1,1,702,0,0,0,0
1780,820,55,587,0,1827,0,0,0,0
30454,797,1024,500,1,4676,0,0,0,0
4369,0,48,0,0,1542,1,0,0,1
806,4924,1,92,0,19,1,0,0,1
159,6,26,0,0,5019,1,0,0,1
3,631,0,115,0,177,1,0,0,1
4087,1,5,1,0,3549,1,0,0,1
5262,291,401,0,0,969,0,0,0,0
951201,37234,3035,2148,1,11766,0,0,0,0
3875,1256,399,1428,0,5375,0,0,0,0
777892,281,545,226,1,1575,0,0,0,0
36,183,0,12,0,27,0,0,0,0
138849,216,1511,6,1,987,0,0,1,0
4,28,0,0,0,2,1,0,1,1
0,18,0,0,0,0,1,1,N/A,1
1510,2126,20,0,0,207479,0,0,0,1
113,28,15,2,0,3053,1,0,0,1
81,60,0,31,0,20,1,0,0,0
59,94,1,5,0,65,0,0,0,0
130,1156,1,351,0,152,1,0,1,0
328658,110,4381,3,1,319,1,0,0,0
8,45,0,3,0,5,1,0,0,1
13393,994,735,4163,1,6454,0,0,1,0
36,0,12,879,0,467,1,0,0,1
3738,7,86,24,0,59713,1,0,0,1
74,744,1,90,0,14,1,0,0,1
537,1,18,0,0,281,1,0,0,1
166,294,15,77,0,261,0,0,0,0
14347,543,458,17549,0,7018,1,0,0,0
3159194,408,14976,13,1,5701,0,0,0,0
1,4,0,0,0,0,0,0,0,0
12,16,0,0,0,15,1,0,N/A,0
208,768,30,970,0,4057,0,0,0,0
1867,2913,202,1375,0,6544,0,0,0,0
0,26,0,21,0,23,1,0,0,1
115,111,4,20,0,7624,0,0,0,0
633,43,65,76,0,1627,1,0,0,1
660,3,37,5,0,4529,1,0,0,1
18747,1284,422,2148,0,675,1,0,0,0
2,10,0,0,0,2,1,1,0,0
118,342,8,62,0,46,1,0,1,0
2896,2,225,15,0,113733,1,0,0,1
1871284,9,2572,2,1,4238,0,0,0,0
369,783,19,161,0,875,1,0,0,0
67,242,7,45,0,470,0,0,0,1
84477,2,3316,405,0,4193,0,0,0,0
3,343,0,37,0,41,1,0,0,1
17,221,1,15,0,444,1,1,0,1
130,0,0,0,0,3190,1,0,0,1
213,0,23,0,0,5685,1,0,0,1
10,728,0,133,0,174,0,0,0,1
183414,268,3129,1970,1,15148,0,0,0,0
39454,592,4006,848,1,15890,0,0,0,0
41,182,2,57,0,65,1,0,0,0
28610,667,361,505,0,224,0,0,1,0
9303960,2411,33005,4,1,5123,0,0,0,0
200622,586,0,564,1,12902,0,0,0,0
1517993,3739,12313,1412,1,32702,0,0,0,0
6,157,0,11,0,0,1,0,0,1
18672,0,252,0,0,18270,0,0,0,1
324,340,4,1051,0,273,0,0,0,0
928,20,23,7,0,3421,1,0,0,1
631587,253,8861,3131,1,9532,0,0,0,0
29,52,5,4,0,58,0,0,0,1
777,614,41,690,0,499,0,0,0,0
189,366,0,1,0,36,1,0,0,1
4,27,0,32,0,18,1,0,0,0
2352,5001,79,3943,0,32426,1,0,0,1
17342,276,471,1143,1,6038,0,0,0,0
5524,58,260,1,0,39,1,0,0,0
297,0,10,0,0,330,1,0,0,1
1227898,1305,4355,736,1,3792,0,0,0,0
253,168,2,9844,0,12884,0,0,0,0
798,1,54,0,0,2539,0,0,0,1
147,875,2,341,0,296,0,0,0,0
171,523,1,4186,0,6162,0,0,1,0
6645,1,191,168,0,8416,0,0,0,1
758,654,5,7131,0,30413,0,0,1,0
7518766,13587,22620,4,1,6952,0,0,0,0
234,230,57,82,0,248,1,0,0,0
21552,661,473,8249,0,4166,0,0,0,0
211,355,9,5017,0,5122,1,0,0,0
177335,1609,4538,4609,1,12818,0,0,0,0
490,1,21,0,0,927,1,0,0,1
6378,44,133,4458,0,7244,0,0,0,0
66,3716,0,0,0,0,1,1,0,1
2800,3049,19,20941,0,17985,0,0,0,1
533222,3,3522,0,0,790,0,0,0,0
101905,750,280,1468,1,3714,1,0,0,0
2,249,0,14,0,26,1,0,0,1
6962978,724,16620,524,1,2357,0,0,0,0
1,261,0,24,0,21,1,0,0,1
2,287,0,12,0,17,1,0,0,1
10,168,1,18,0,4,1,0,1,1
7467659,13,19386,0,1,774,0,0,1,0
19451,6,36,37,0,254,1,0,0,0
74,0,121,0,0,4415,1,0,0,1
24022023,353,45710,1007,1,1566,0,0,0,0
60,258,0,93,0,93,1,0,0,1
335,0,32,1,0,17375,0,0,0,1
219,408,7,18,0,435,0,0,0,0
5766,333,565,0,1,358,0,0,0,0
4440,423,160,18,1,2229,0,0,0,0
50,268,0,5,0,20,0,0,0,0
0,266,0,22,0,35,1,0,0,1
39,270,0,364,0,307,1,0,0,0
0,335,0,24,0,32,1,0,0,1
246,251,9,3221,0,1642,1,0,0,0
301,285,7,1326,0,3379,0,0,0,0
15,153,0,1375,0,29,1,0,0,0
11,86,0,14,0,12,1,0,0,0
1173947,412,4627,743,1,24811,0,0,0,0
301,550,1,4017,0,42931,0,0,0,0
0,25,0,0,0,0,1,1,0,1
96,29,10,0,0,195,1,0,0,1
158352,509,3533,13,0,63293,0,0,0,0
1456,12,122,4,0,72096,0,0,0,1
0,21,0,0,0,0,1,1,N/A,1
278002,2831,21481,19491,1,29298,0,0,0,0
2,51,0,0,0,0,1,1,N/A,1
5,187,0,6,0,1,1,0,1,1
10,100,1,0,0,1,1,0,1,1
2,316,0,22,0,31,1,0,0,1
197,0,82,0,0,684818,1,0,0,1
5156022,398,15982,62,1,17715,0,0,0,0
566,122,56,7,0,33258,1,0,0,1
4797,1859,443,1402,0,3571,0,0,0,0
5280949,321,33246,799,1,5183,0,0,0,0
585,3479,1,0,0,212,0,0,0,1
492,14,27,1,0,107,0,0,0,1
2003,0,167,54,0,39446,0,0,0,1
9905,15,356,24,0,57,0,0,0,0
0,461,0,64,0,93,1,0,0,1
426,602,45,1143,0,6719,0,0,0,0
8234316,254,3716,3,1,6123,0,0,0,0
213,213,18,0,0,5988,0,0,0,1
0,35,0,38,0,44,1,0,0,1
291,1736,7,0,0,543,1,1,0,0
2047969,102396,13095,860,0,67905,0,0,0,1
1325,1797,64,0,0,18265,0,0,0,1
8,5,6,0,0,27,1,0,0,1
177,608,2,98,0,191,0,0,N/A,0
114,205,6,0,0,136271,0,0,0,1
314,0,50,0,0,2978,0,0,0,1
2399,4936,147,319,0,5581,0,0,0,1
11,820,0,157,0,587,0,0,0,1
43,116,0,273,0,145,1,0,1,0
2,42,1,29,0,39,1,0,0,1
120,173,0,99,0,14668,0,0,0,0
1242,4610,26,0,0,8743,1,0,0,1
335,3,22,2,0,4934,0,0,0,1
158,2410,0,0,0,1,1,1,0,1
12,94,1,44,0,103,1,0,0,0
183,3,5,0,0,31,1,0,0,1
912,1164,56,3951,0,23106,0,0,0,1
1211,1,35,0,0,160,1,0,0,1
10,0,2,0,0,10370,0,0,0,1
9,54,0,100,0,49,1,0,1,0
51,1832,0,79,0,636,0,0,0,1
632,0,42,0,0,2822,1,0,0,1
1909411,17,11139,10994,1,27849,0,0,0,0
173393,89,2056,112,1,551,0,0,1,0
151,1292,1,437,0,692,1,0,0,0
6569,608,114,1600,1,1212,0,0,0,0
41,8,0,0,0,2,1,0,0,1
97,245,0,249,0,1086,0,0,0,0
0,30,0,0,0,0,1,1,N/A,1
182,0,27,0,0,3322,1,0,0,1
155,0,29,0,0,9286,1,0,0,1
107,1,17,0,0,16414,0,0,0,1
47,197,0,62,0,1,1,0,0,1
9,30,0,0,0,1,1,0,0,0
970,1,73,0,0,2023,0,0,0,1
7,19,0,16,0,13,1,0,0,0
386,539,24,1851,0,4672,0,0,1,0
68937,349,1324,18479,1,47114,0,0,0,0
290004,101,613,207,1,392,1,0,0,0
352,125,26,31,0,582,0,0,0,0
883,1,42,0,0,2574,1,0,0,1
1132,8,7,32,0,656,1,0,1,0
4,10,0,0,0,1,0,0,0,0
64,90,2,322,0,226,1,0,0,0
85,1,0,0,0,1000,1,0,0,1
3673,1485,216,5263,0,11406,1,0,0,0
224,781,0,0,0,5,1,0,0,0
576,31,60,8,0,2370,1,0,0,1
79,0,21,0,0,40308,0,0,0,1
1307,1,61,0,0,2285,1,0,0,1
167,272,0,73,0,634,0,0,1,0
156924,1274,1754,185,1,53377,0,0,0,0
112499,9471,2038,1,1,625,0,0,0,0
45385,158,877,13431,1,11153,0,0,0,0
139,43,8,0,0,6345,0,0,0,1
2588083,207,2504,41,1,1915,0,0,0,0
8,660,2,127,0,190,1,0,0,1
10576,91,510,731,0,12888,0,0,0,0
570,0,40,1,0,5096,0,0,0,1
32,30,2,11,0,12,1,0,0,0
32,70,0,0,0,4,1,0,1,0
69,1513,0,0,0,1,1,0,0,1
259,991,0,0,0,0,1,0,0,0
158317,283,1088,9,1,1372,0,0,1,0
153,0,7,0,0,144271,1,1,0,1
799,1,58,0,0,11373,0,0,0,1
76975,197,2119,4131,1,1743,0,0,0,0
141730,582,2386,24,1,1281,1,0,0,0
1784,43,89,5,0,389,0,0,0,1
399054,23907,7363,1,1,205,0,0,0,0
638899,29303,5888,554,1,9588,0,0,0,0
43,0,0,0,0,2507,0,0,0,1
354,21,37,0,1,225,0,0,0,0
44,67,0,0,0,954,1,0,0,0
21,48,0,482,0,233,1,0,N/A,0
94,389,0,1,0,132,0,0,0,0
67,0,19,0,0,120232,1,0,0,1
299938,1558,2580,3931,1,13302,0,0,0,0
772,970,41,1030,0,2269,0,0,0,0
70,5,8,2,0,4310,1,0,0,1
40,0,9,25,0,1868,1,0,0,1
56,295,1,16,0,102,0,0,0,0
2,465,0,56,0,76,1,0,0,1
35,54,2,0,0,114,1,0,0,1
115,93,2,74,0,126,1,0,1,0
86,0,25,0,0,22951,1,0,0,1
129,1,23,0,0,2341,1,0,0,1
796718,284,13670,2666,1,17149,0,0,0,0
23,1863,1,271,0,374,0,0,0,1
904,0,19,0,0,1123,0,0,0,1
270,1891,0,0,0,17,1,0,0,0
2198503,178,20259,10,1,2025,0,0,0,0
32129515,547,23014,51,1,32419,0,0,1,0
10,0,8,0,0,289,0,0,0,1
198296,562,2685,5106,1,7014,0,0,0,0
987,244,90,2090,0,13859,0,0,0,0
4,32,0,0,0,29,1,1,0,1
1,280,0,19,0,16,1,0,0,1
60,0,19,0,0,1476,1,0,0,1
50196,48860,5850,112382,0,81267,1,0,1,1
1059,3599,254,1150,0,17857,0,0,1,0
20261,19440,469,7758,1,6949,0,0,0,0
7812,5,263,0,0,4464,0,0,0,1
1182904,501,4594,14,1,37753,0,0,0,0
18,3,8,1,0,1456,1,0,0,1
87,0,9,0,0,2905,0,0,0,1
84,14,3,0,0,238,0,0,0,1
1645,48,147,1,1,64,0,0,0,0
392,0,17,0,0,1325,1,0,0,1
181791,2646,1962,43,1,3642,0,0,0,0
10,69,2,9,0,1074,1,1,1,0
726,85,8,2580,0,1013,0,0,1,0
1248,7,3,0,0,11708,0,0,0,1
24,65,0,0,0,84,0,0,0,0
10057,7468,108,1905,0,1459,0,0,0,1
259280,28,4366,20,1,9517,0,0,0,0
195,1,14,5,0,5949,0,0,0,1
2,337,0,21,0,25,1,0,0,1
1854,8,2480,11,0,127238,1,0,0,1
4050,243,13,241,0,717,0,0,0,0
11980,8927,261,20,0,20015,0,0,0,0
1647,36,7,59,0,107,1,0,0,0
352,0,47,0,0,11068,1,0,0,1
0,10,0,56,0,79,1,0,0,1
423831,739,232,2305,1,4703,1,0,0,0
12,2004,0,276,0,333,0,0,0,1
316,192,9,2257,0,7329,0,0,1,0
354,1,47,0,0,29635,1,0,0,1
325,484,2,4,0,358,0,0,1,0
153,0,15,0,0,2072,1,0,0,1
269,368,2,3,0,1896,0,0,0,0
58300207,233,76018,40,1,3589,0,0,0,0
480088,116,3209,7,1,4435,0,0,0,0
0,28,0,49,0,90,1,0,0,1
756810,286,4175,430,1,897,0,0,0,0
7,33,0,0,0,3,1,0,1,1
1422,2075,7,4953,0,31699,0,0,1,0
168,224,29,432,0,7028,0,0,0,1
88,29,4,0,0,178,1,0,0,1
146565,522,2800,4360,0,10026,0,0,0,0
90,22,0,0,0,29724,1,0,0,1
804,503,0,4875,0,4846,1,0,1,0
365,1751,1,24,0,13618,0,0,0,0
3,659,1,136,0,169,1,0,0,1
905,1,105,9,0,102189,1,0,0,0
1803087,504,10029,3,1,5653,0,0,0,0
3262,454,15,1346,1,1355,0,0,0,0
2199,1029,55,1321,0,2930,0,0,0,0
518,5,51,0,0,94196,1,0,0,1
318621,603,6491,10838,1,18794,0,0,0,0
803,31,34,0,0,808,0,0,0,1
5183570,1840,25196,12,1,1985,0,0,1,0
7,0,5,0,0,1381,0,0,1,1
128,1814,0,7,0,18,1,1,0,1
32,1589,0,0,0,2,1,0,0,0
214083,211,3421,365,1,3060,0,0,0,0
4419,1982,327,550,0,6764,0,0,0,0
36,0,9,0,0,416,1,0,0,1
99,220,1,16,0,61,0,0,1,0
1,509,0,75,0,104,1,0,0,1
1479,3,11,19,0,32440,1,0,0,1
39,0,12,0,0,9729,1,0,0,1
2115097,3851,11112,90,1,27626,1,0,0,0
17880103,763,75193,306,1,9487,0,0,0,0
136,1,21,5,0,34446,0,0,0,1
286,0,22,0,0,94599,1,0,0,1
3965867,6,25506,0,1,2245,0,0,0,0
858,597,1,4620,0,11519,0,0,0,0
133554,95060,1455,1453,0,40763,0,0,0,1
1810,1,36,24,0,35024,1,0,0,1
533,0,42,0,0,7145,1,1,0,1
281,0,40,0,0,1224,1,0,0,1
4,24,0,1,0,0,1,1,N/A,1
251,131,36,1,0,362,1,0,0,1
398626,1141,2199,2348,1,39023,0,0,1,0
29270,24101,417,1571,1,2426,0,0,0,0
4961351,742,13162,11859,1,36385,0,0,0,0
260,0,34,0,0,25155,1,0,0,1
8741,343,102,9665,0,21046,0,0,1,0
12,64,0,0,0,7,1,0,0,1
1,398,0,31,0,61,1,0,0,1
57,67,0,15,0,1295,0,0,0,0
5558,6032,16,115,0,1877,1,0,1,1
162,303,4,302,0,435,0,0,1,0
994,4663,31,16205,0,6836,0,0,0,0
775,953,1,319,0,428,1,0,1,0
169,18,3,3,0,4,1,0,0,1
293,344,2,0,0,8638,0,0,0,1
12790920,24,46994,0,1,763,0,0,0,0
956,0,34,0,0,434,1,0,0,1
176,16,25,4,0,5040,1,0,0,1
181,1,25,0,0,60475,0,0,0,1
4,14,0,18,0,29,1,1,N/A,0
5299213,72,7392,698,1,2725,0,0,0,0
102,1,5,0,0,266,1,0,0,1
2,79,0,1,0,2,1,1,0,0
429604,600,4999,30,1,497,0,0,0,0
1,69,0,0,0,11,1,0,0,1
120,248,1,2893,0,1407,1,0,1,0
17,0,2,0,0,170,1,0,0,1
63,103,0,2,0,81,0,0,0,0
97,279,0,42,0,16,0,0,1,0
208,858,6,4073,0,1556,1,0,0,0
1040,0,61,1,0,2633,1,0,0,1
62,0,19,0,0,4106,1,1,0,1
10648215,178,5353,168,1,19489,1,0,0,0
1,42,0,0,0,0,1,1,N/A,1
613,169,10,122,0,71,0,0,0,0
133553,95060,1455,1453,0,40763,0,0,0,0
823,450,4,733,0,17880,0,0,0,0
1640,26,20,14,0,19151,0,0,0,1
321,420,4,22,0,411,0,0,1,0
1,498,0,103,0,102,1,0,0,1
0,256,0,13,0,11,1,0,0,1
88195,82994,1736,892,1,1933,1,0,0,1
78,0,31,0,0,10130,1,0,0,1
4119379,698,8561,29,1,5551,0,0,0,0
83215,12,1789,45,0,2063,0,0,0,1
25076,4654,909,100,1,11838,0,0,0,0
13725,429,41,14931,0,4044,1,0,0,0
148,0,21,0,0,12083,1,0,0,1
598,1,42,0,0,9684,1,0,0,1
1026,1,74,0,0,3456,1,0,0,1
23,0,14,0,0,2584,1,0,0,1
553041,182,2560,770,1,1492,0,0,0,0
13305,1154,392,1251,0,3571,0,0,0,0
93,1,16,0,0,29804,1,0,0,1
2,341,0,29,0,44,1,0,0,1
22,97,0,15,0,85,0,0,1,0
81,80,0,1356,0,3243,0,0,0,0
2142490,45023,7431,26993,1,16826,0,0,0,0
25253,152,970,1582,1,36172,0,0,0,0
58,0,4,129,0,473,0,0,0,0
461,873,0,0,0,126,1,0,0,1
1,367,0,29,0,37,1,0,0,1
20,96,0,374,0,1,1,0,N/A,1
2060,661,80,374,0,6003,0,0,1,0
403994,654,2553,34,1,16482,0,0,1,0
8896,417,347,797,0,9936,0,0,0,0
4457073,57,28,674,1,342,0,0,0,0
193168,0,2524,0,1,96,1,0,0,0
314,272,4,2068,0,4439,0,0,0,0
1683151,754,5079,297,1,33056,0,0,0,0
2271,3,110,0,0,15514,0,0,0,1
3508,4053,3,0,0,7252,0,0,1,1
3630,557,122,433,0,643,1,0,0,0
36,445,1,12,0,37,0,0,0,0
5,93,0,5,0,1,1,0,N/A,1
65691,2176,5574,29498,1,44708,0,0,1,0
491,4970,1,187,0,118,1,0,1,1
346848,2306,5430,2419,1,16244,0,0,0,0
483883,0,4614,0,0,62634,0,0,0,1
0,26,0,47,0,65,1,0,0,1
10,76,0,2,0,19,0,0,0,0
5273,293,82,377,0,6636,0,0,1,0
305,29,7,3,0,162,1,0,0,1
5730,301,182,26,1,1741,0,0,0,0
202929,605,2001,3278,1,25837,0,0,0,0
262,729,2,30,0,235,0,0,1,0
94,1,25,0,0,2383,0,0,0,1
401,850,5,941,0,4604,0,0,0,0
25,223,3,0,0,28,0,0,0,0
21,33,0,47,0,702,0,0,0,0
292,2225,0,0,0,0,1,0,0,1
98,667,0,712,0,613,1,0,0,0
6,98,0,0,0,1,1,0,0,0
1877332,2190,13448,0,1,9362,0,0,0,0
34363304,909,187570,14320,1,269878,0,0,0,0
31,39,2,94,0,1856,0,0,0,0
0,86,0,0,0,0,1,1,N/A,1
36,7,0,0,0,2,1,0,0,0
1,4,0,22,0,4,1,1,0,1
52,222,0,10,0,1,1,0,0,1
1,34,0,68,0,98,1,0,0,1
1,9,0,0,0,1,1,0,0,1
10100,31,567,897,0,2090,1,0,0,0
15,23,0,2,0,2,0,0,1,0
11,2,7,0,0,5464,0,0,0,1
98,8,14,2,0,3375,1,1,0,1
50,0,13,0,0,1462,1,0,0,1
337,2,40,0,0,28941,1,0,0,1
1226,2636,24,25,0,664,0,0,1,1
70,0,20,1,0,16312,0,0,0,1
445,4997,2,109,0,83,0,0,1,1
50,128,0,25,0,15,1,0,1,0
2838,6,97,0,0,11889,1,0,0,1
127,1,17,0,0,2836,1,0,0,1
69,4,12,1,0,171,1,0,0,1
348713,976,3308,1762,1,32693,0,0,1,0
13,47,0,0,0,2,0,0,0,0
80290,5909,2533,4660,1,19203,0,0,0,0
113,0,32,0,0,25120,0,0,0,1
743,1555,1,357,0,2410,0,0,0,0
153,2,9,3,0,391,1,0,0,1
56805,3,1080,18,1,12376,0,0,0,0
669,613,11,6369,0,14133,0,0,1,0
3,30,0,0,0,1,1,0,1,1
323,983,2,1900,0,4537,0,0,1,0
417924,16771,2135,999,1,39013,0,0,0,0
21,1880,5,305,0,454,0,0,0,1
10795,21,185,9,1,36,0,0,0,0
5390,58,147,145,1,2222,0,0,0,0
6,0,6,0,0,1066,1,0,0,1
739,827,15,438,0,734,1,0,0,0
1,22,0,1,0,1,1,0,0,0
3,39,0,0,0,3,1,1,0,1
1336587,512,23711,2208,1,17125,0,0,0,0
42,0,3,1,0,964,1,0,0,1
2143,661,45,3322,0,13160,0,0,0,0
15,3,2,721,0,854,0,0,0,1
86,433,1,174,0,26,1,0,0,1
45,126,0,1024,0,85,1,0,N/A,0
1,341,0,23,0,31,1,0,0,1
55469,4306,1730,29095,1,58890,0,0,1,0
576,39,10,21,0,52048,0,0,0,1
16,1,4,1,0,2001,1,0,0,1
363,345,3,620,0,3361,0,0,0,0
173,0,7,2,0,1188,1,0,0,1
237490,314,1321,158,1,2230,0,0,0,0
312,2,13,21,0,856,0,0,0,1
106,318,3,11,0,441,1,0,0,0
56,39,13,0,0,247223,1,1,0,1
947282,80,1962,19,1,340,0,0,0,0
3,314,0,34,0,56,1,0,0,1
1533,1714,14,0,0,19176,0,0,0,1
33,1,6,2,0,1029,1,0,0,1
127,816,15,469,0,321,0,0,0,0
23008,183,986,0,0,4575,0,1,0,0
947045,271,2618,88,1,4905,0,0,0,0
412,15,32,0,0,46926,0,0,0,1
13,3,4,0,0,79,1,0,0,1
186,858,10,145,0,307,0,0,1,0
500,726,10,17962,0,22712,0,0,1,1
1075,0,24,0,0,703,1,0,0,1
1209026,559,5133,19,1,5019,0,0,0,0
882,231,11,3,0,2826,1,0,0,1
131,1,26,0,0,1622,1,0,0,1
98866,108366,122,851,0,868,0,0,0,1
20,0,8,0,0,84,1,0,0,1
3,0,1,0,0,5236,0,0,0,1
22,102,0,4,0,26,1,0,0,0
17289,127,481,3432,1,5383,0,0,0,0
229,1331,4,0,0,16,1,0,0,0
3588,0,135,0,0,18413,0,0,0,1
46,54,0,39,0,194,0,0,0,0
7,2,5,0,0,2296,1,1,0,1
17,564,0,0,0,4,1,0,0,1
421,1636,34,0,0,4701,1,0,0,1
57,202,2,8,0,30,0,0,0,0
712,3,32,0,0,24996,1,0,0,1
282,2205,0,1,0,3,1,0,1,1
741,3,19,2,0,1125,0,0,0,1
35,321,2,6143,0,82,0,0,1,0
537,390,7,139,0,4150,0,0,1,0
416856,35568,2920,1215,1,3013,0,0,0,0
113,1,5,0,0,776,1,0,0,1
347,4,53,39,0,42526,1,0,0,1
5293996,101,7694,23,1,5172,0,0,0,0
204,0,28,2,0,23502,0,0,0,1
3490480,448,7772,22,1,3966,0,0,0,0
266,284,6,15684,0,6938,0,0,1,0
80,0,21,0,0,39803,1,0,0,1
489055,741,1221,53,0,17634,0,0,0,0
0,337,0,20,0,37,1,0,0,1
0,240,0,21,0,13,1,0,0,1
164514,57213,5246,2273,0,60041,0,0,0,0
1,32,0,66,0,93,1,0,0,1
473,5,35,0,0,1814,0,0,0,1
3788,4466,41,3,0,297198,1,0,0,1
165,993,2,82,0,131,1,0,1,0
57664,97,1468,808,1,2675,0,0,0,0
307,0,21,1,0,423,0,0,0,1
2419,1144,70,11257,0,7230,0,0,0,0
328,1875,28,5,0,3335,1,0,0,0
2028,615,49,95,0,942,0,0,0,0
280,48,30,3,0,4722,0,0,0,1
175303,12,4762,0,1,25,0,0,0,0
8372,4,23,0,0,2455,0,0,0,1
6465,5916,133,0,0,18513,0,0,0,1
57784,7168,2902,55,1,8286,0,0,0,0
177,459,1,3950,0,2248,0,0,0,0
6296,47,1,12,0,179,0,0,0,0
48848,88,0,1,0,705,0,1,0,0
177,119,3,1016,0,21311,0,0,0,0
1569,4882,0,95,0,112,1,0,0,1
41,72,2,2737,0,9615,0,0,1,0
4520644,2041,12661,13280,1,9362,0,0,0,0
7,68,0,8,0,15,1,0,1,0
207,5,23,108,0,728,1,0,0,1
5,485,0,90,0,98,1,0,0,1
13011,2715,1019,73,1,1592,0,0,0,0
7154703,240,4240,640,1,5995,0,0,0,1
5935044,2509,46336,175,1,34774,0,0,1,0
8063,1,13,42,0,119,1,0,0,1
1120,1168,5,1459,0,1556,0,0,0,1
350009,139,3673,240,1,30346,0,0,0,0
10599,2788,123,270098,1,6111,0,0,1,0
8,0,6,0,0,41,1,0,0,1
0,20,0,0,0,0,1,1,N/A,1
3057658,32,39970,0,1,2054,0,0,0,0
22888,366,541,133,1,382,0,0,1,0
35906,35744,130,864,0,3027,1,0,0,1
458212,710,4944,4586,1,7554,0,0,0,0
22,201,0,7,0,8,1,0,0,1
369,1,16,0,0,318279,0,0,0,1
48,64,0,299,0,93,1,0,0,0
372,396,78,381,0,440,1,0,0,0
2632,730,106,15604,1,5130,0,0,1,0
86,228,0,2,0,15,1,0,1,0
460,65,26,14,0,9058,1,0,0,1
91,78,1,261,0,742,0,0,0,0
160,239,0,94,0,748,0,0,0,0
59480,26,469,2295,1,11879,0,0,0,0
3088771,10567,4648,3101,1,59965,0,0,0,0
557,3,6,11,0,440,0,0,0,1
173,335,1,17,0,242,0,0,0,0
71,0,14,0,0,1490,1,0,0,1
5861,233,627,2,1,903,0,0,0,0
32,1582,0,0,0,4,1,1,0,1
1002080,208,7925,49,1,2293,0,0,0,0
521,473,19,78,0,2377,0,0,0,0
13049,0,115,0,0,260879,1,0,0,1
56633,4299,1150,13506,1,13037,0,0,0,0
15,59,0,0,0,5,1,0,0,0
43,269,0,2,0,27,1,0,0,0
0,7,0,3,0,1,1,0,0,1
79,80,3,23,0,901,0,0,0,1
52,2,5,0,0,702,1,0,0,1
527,992,1,9892,0,1319,1,0,1,0
14,18,0,50,0,41,0,0,1,0
16,1859,0,262,0,336,0,0,0,1
2,85,0,7,0,11,1,1,0,1
20,0,7,0,0,50,1,0,0,1
58,0,18,0,0,7839,1,0,0,1
567,0,2,0,0,16733,0,0,0,1
0,99,0,0,0,0,1,1,N/A,1
918,0,13,2,0,92849,1,0,0,1
770356,356,4943,26,1,17854,0,0,0,0
724989,751,6262,97,1,4179,0,0,0,0
2641,3259,6,1,0,203,1,0,0,0
6,91,0,1,0,1,1,0,1,0
51,0,19,0,0,13622,1,0,0,1
495,1,33,0,0,4756,1,0,0,1
69,293,2,234,0,107,0,0,1,0
5927,991,100,7978,0,91535,0,0,0,0
3165,4879,31,615,0,25509,1,0,0,0
110,219,0,2,0,57,1,0,0,0
12825837,31,69919,41,1,4326,0,0,0,0
15,78,0,1,0,186,0,0,0,0
14014,202,524,257,1,5079,0,0,0,0
7,1,7,0,0,246,0,0,0,1
684,68,5,6,0,9645,0,0,1,1
7,644,1,156,0,214,1,0,0,1
20,0,10,0,0,5131,0,0,0,1
252,2,38,70,0,15823,0,0,0,1
53162,9697,1492,13935,0,29466,1,0,0,0
138,332,5,71,0,924,1,0,1,0
20723,3,159,33,0,663,0,0,0,1
83720371,244,122731,2103,1,4161,0,0,0,0
10,2,4,0,0,5775,1,0,0,1
9,93,0,0,0,8,1,0,0,1
253,0,37,0,0,40184,1,0,0,1
13091,10734,2490,1005,0,53518,0,0,0,1
5852,254,211,151,1,5926,0,0,0,0
11695916,274,45082,21313,1,32146,0,0,0,0
4948,296,15,17,0,41190,0,0,0,1
41056,304,39,1009,0,63307,0,0,1,1
33,38,8,0,0,17,1,0,0,1
516,14,109,133,0,38073,1,0,0,1
135677,1708,907,11340,1,23655,0,0,0,0
210,95,1,398,0,9462,0,0,0,0
47,65,0,0,0,3,1,0,1,1
26,4,5,0,0,3799,1,0,0,1
2916050,440,4830,3195,1,10546,0,0,0,0
1549,734,25,2312,0,12909,0,0,1,0
4255,267,132,564,1,577,0,0,1,0
1040765,558,2418,215,1,4703,1,0,0,0
72,96,1,78,0,191,0,0,1,0
542057,991,3527,20281,1,9030,0,0,0,0
4217692,12820,6511,39,1,31195,0,0,1,0
15,1770,7,293,0,444,0,0,0,1
4419,1,129,12,0,10626,1,0,0,1
461,95,95,0,0,115356,1,0,0,1
0,280,0,21,0,31,1,0,0,1
98,827,1,2237,0,1647,0,0,0,0
683,0,35,0,0,577,1,0,0,1
52,1,10,0,0,80,1,0,0,1
94714,43,1137,0,1,1,1,0,0,0
2832,2,12,34,0,34306,1,0,0,1
37,35,8,0,0,9,1,0,0,1
394,0,48,0,0,7956,1,0,0,1
3664718,35,15921,1,1,770,0,0,0,0
5445575,357,30150,3799,1,3529,1,0,0,0
64350,56,735,2197,1,4557,0,0,0,0
358,177,9,1941,0,3246,1,0,0,0
481,0,78,0,0,6391,1,0,0,1
102,3,21,0,0,10873,1,0,0,1
8530951,890,108650,1860,1,151681,0,0,0,0
5167871,55,21599,18897,1,118147,0,0,1,0
8,170,0,1538,0,14,1,0,0,0
447,1,50,0,0,21892,1,0,0,1
124,160,1,11,0,542,0,0,0,0
620,2,49,0,0,40633,1,0,0,1
0,44,0,45,0,69,1,0,0,1
35,206,0,0,0,4,1,1,0,1
106,153,0,973,0,1408,1,0,0,0
505217,276,7111,17,1,4307,0,0,0,0
1595,1392,2,1290,0,2054,1,0,0,0
98,45,28,38,0,223659,1,0,0,1
38,113,0,1,0,1,1,0,0,1
90,62,1,68,0,5453,0,0,0,0
806,85,32,229,0,1497,0,0,0,1
16,1,11,0,0,1237,1,0,0,1
20,126,0,3,0,86,0,0,0,0
214,0,20,0,0,9727,1,0,0,1
86,397,0,1347,0,160,0,0,0,0
442,1239,3,18,0,1617,0,0,0,0
122,821,0,3,0,16,1,0,N/A,0
1,38,0,67,0,97,1,0,0,1
161,1845,27,44,0,607,0,0,0,0
61,3,12,0,0,6000,0,0,0,1
2917721,303,10993,372,1,3123,0,0,0,0
107,30,17,2,0,11151,0,0,0,1
49,12,7,1,0,831,0,0,0,1
4198,3,313,15,0,158639,1,0,0,1
384507,199,3882,12,1,5206,0,0,0,0
2985240,956,10273,62,1,13677,0,0,0,0
77,65,0,22,0,17,1,0,0,0
879,2238,31,153,0,2171,1,0,1,0
1419,1,61,5,0,32244,0,0,0,1
60427,0,320,0,0,68521,1,0,0,1
3517571,855,24528,185,1,23660,0,0,0,0
3784246,15193,10243,2513,1,14535,0,0,0,0
9,21,0,19,0,6,1,0,N/A,0
372,4815,0,15,0,2,1,0,0,1
1738,255,21,1880,0,2120,1,0,0,0
290,1,20,0,0,1196,1,0,0,1
247,12,24,0,0,13551,1,0,0,1
31,58,0,8,0,11,0,0,0,0
2,352,0,23,0,44,1,0,0,1
73,116,1,12,0,288,1,0,0,0
61,726,1,826,0,232,1,0,1,0
1475745,2372,8017,1616,1,17002,0,0,0,0
10943449,501,23938,186,1,547,0,0,0,0
91,1688,0,0,0,16,1,0,0,0
66,1,7,4,0,70,0,0,0,1
164,0,35,51,0,2714,1,0,0,1
1568426,828,5667,1670,1,3017,0,0,0,0
2073481,2952,9806,298,1,71174,0,0,1,0
4,0,1,0,0,1469,0,0,0,1
7,0,8,0,0,5669,0,0,0,1
17,1903,1,311,0,366,0,0,0,1
4,445,0,60,0,80,1,0,0,1
3211350,23,5707,751,1,8867,0,0,0,0
986,1,87,15734,0,30417,1,0,0,1
15,1,5,0,0,170,1,0,0,1
24244,24852,742,26,0,1568,0,0,0,0
595,345,1,4627,0,887,1,0,1,0
250,410,4,3650,0,837,0,0,1,0
85681083,630949,222411,10,1,15439,0,0,1,0
37,88,0,0,0,39,0,0,0,0
990,7,122,2,0,35869,1,0,0,1
12090,12774,213,0,0,49305,0,0,0,1
1818,3727,5,142,0,978,0,0,1,0
681,1988,43,1332,0,8826,0,0,0,0
4426,2604,136,551,0,5250,0,0,0,0
222659,352,3261,143,1,10999,0,0,0,0
3500781,92,18455,6003,1,26110,0,0,0,0
7901272,51,17736,231,1,9748,0,0,0,0
24,12,0,0,0,59,0,0,0,0
4799319,943150,34624,107,1,10405,0,0,0,0
156,2,12,4,0,7075,0,0,0,1
17,215,0,0,0,1,1,0,0,1
656,9,25,36,0,3306,1,0,0,1
9515386,1329,0,1141,1,5942,0,0,0,0
1337,539,76,264,1,259,0,0,0,0
482,987,10,731,0,405,1,0,1,0
358,5000,12,73,0,1236,0,0,0,0
33713,37,1934,5,1,768,0,0,0,0
56,708,0,112,0,95,1,0,1,0
2936656,779,22532,1188,1,37440,0,0,0,0
240,45,22,66,0,1993,0,0,0,1
27859346,157,32946,0,1,286,0,0,0,0
443,497,1,1555,0,1202,1,0,1,0
258608,719,1640,208,1,3353,0,0,1,0
4,30,0,1,0,3,0,1,0,1
903862,8,1159,1,0,21057,0,0,0,0
5831,57,354,16,0,457649,0,0,0,1
5,16,0,0,0,2,1,0,0,0
73,395,0,0,0,2187,0,0,0,0
174,347,2,50,0,534,1,0,0,0
11,0,6,0,0,52,1,0,0,1
455598,204,1779,196,1,1104,1,0,0,0
0,18,0,0,0,0,1,1,N/A,1
292,0,30,0,0,40166,1,0,0,1
40,117,1,13,0,48,0,0,0,0
45,75,0,10,0,103,0,0,0,0
993,4992,20,8,0,108,0,0,1,1
7941334,337,22762,73,1,13696,0,0,0,0
29270575,428,65474,350,1,6221,0,0,0,0
5541,888,275,396,0,901,0,0,0,0
15307,774,360,843,1,2786,0,0,0,0
493450,509,6483,51,1,15252,0,0,0,0
0,308,0,21,0,24,1,0,0,1
22527443,52,39873,21,1,55709,0,0,0,0
65,0,21,0,0,10069,1,0,0,1
4355,2,194,3,0,26381,0,0,0,1
207,8,21,0,0,5591,0,0,0,1
4,537,0,90,0,103,1,0,0,1
108,226,0,741,0,1570,0,0,0,0
38,69,14,446,0,2957,1,0,0,1
14491,134,1229,2923,0,2497530,0,0,0,1
114,243,6,0,0,4385,0,0,0,1
242,392,3,767,0,2064,0,0,0,0
86,28,16,127,0,211,0,0,0,1
38194,68,775,60,0,1393,0,0,0,1
1381,0,45,0,0,1292,1,0,0,1
287,597,18,16386,0,5830,0,0,1,0
680,36,79,6,0,7068,1,0,0,0
10,62,0,0,0,144,1,0,1,0
191,347,27,331,0,434,1,0,0,0
372,2105,14,1,0,12,0,0,0,1
47159,363,2260,485,1,13111,0,0,0,0
2,25,0,44,0,88,1,0,0,1
1202,255,81,510,0,1019,0,0,0,0
2,1,4,0,0,63519,1,0,0,1
1174,19,58,23,0,1145,1,0,0,1
64,436,2,60,0,14,0,0,0,0
588,1532,25,268,0,6773,0,0,0,0
299,42,10,0,0,26508,0,0,0,1
2530820,840,35966,2137,1,104891,0,0,0,0
3,114,0,2,0,1,1,1,0,1
147,0,22,0,0,1388,1,0,0,1
876,1263,22,253,0,1271,1,0,0,0
396,0,17,0,0,3608,1,0,0,1
21,0,7,1,0,65,1,0,0,1
211,321,1,24,0,26,1,0,1,1
2665,699,112,5668,0,5844,0,0,0,0
413,148,37,0,0,22,0,0,0,1
2811157,236,9805,1676,1,128,0,0,0,0
39,174,2,7,0,33,0,0,0,0
370,595,1,10406,0,2460,1,0,1,0
276122,166,7084,1234,1,7336,0,0,1,0
863,743,12,579,0,1090,0,0,1,0
9212,2,235,0,0,8996,1,0,0,1
140,0,2,0,0,16203,1,0,0,1
2048,5,79,75,0,25498,1,0,0,1
6,341,0,42,0,73,1,0,0,1
11473,1659,891,1321,1,5239,0,0,0,0
85,0,5,0,0,205,1,0,0,1
4689644,957,16655,7016,1,66208,0,0,0,0
4,35,0,0,0,4,1,0,0,0
34,204,0,0,0,0,1,1,0,0
189143,4853,1378,207,1,31170,0,0,0,0
8800,2917,4,95,0,85,0,0,0,0
4651330,509,32051,3060,1,3545,0,0,0,0
33,13,10,0,0,1136,1,1,0,1
4347,419,16,2311,0,11333,0,0,0,0
4,140,0,0,0,1,1,1,N/A,1
2,492,0,71,0,79,1,0,0,1
0,43,4,48,0,86,1,0,0,1
8576144,1135,37857,711,1,54854,0,0,1,0
952135,858,3161,2402,1,83812,0,0,0,0
159,474,1,174,0,562,1,0,0,1
7,0,5,0,0,104,0,0,0,1
56,1,17,0,0,12245,1,0,0,1
142,24,12,33,0,723,1,0,0,1
372,1136,1,1,0,46,0,0,1,1
578,310,79,574,0,379,0,0,1,0
6,0,5,0,0,2751,1,0,0,1
216039,67,887,972,1,1878,0,0,1,0
829658,56,2714,490,0,16192,0,0,1,0
31872,460,990,865,1,13838,0,0,0,0
104,126,2,9,0,21,1,0,0,0
78,0,11,21,0,692,0,0,0,1
284,29,31,1,0,4865,1,0,0,1
1536,1894,16,2161,0,3545,1,0,0,1
252,6,17,11,0,236,1,0,0,1
544,664,10,25216,0,20266,0,0,1,0
303837,44,1662,6,1,295,0,0,0,0
77,39,13,4,0,2828,1,1,0,1
33451,130,836,124,1,2023,0,0,0,0
96217,541,956,3705,1,3591,0,0,0,0
99465,958,2435,352,1,3422,0,0,1,0
2,44,0,1,0,2,1,1,0,0
1,387,0,33,0,44,1,0,0,1
0,20,0,0,0,2,1,0,0,0
45,146,3,7,0,36,0,0,0,0
1437839,334,10299,123,1,6637,0,0,0,0
46,96,0,147,0,13,1,0,1,0
437194,389732,3229,22862,1,19312,0,0,1,0
698,589,2,1508,0,7967,0,0,0,0
372,0,12,0,0,2714,1,0,0,1
1645,1893,14,6,0,5024,0,0,0,1
4956,7,202,100,0,2179,1,0,0,1
175,1,48,1,0,13142,0,0,0,1
2006589,1993,6702,429,1,33226,0,0,0,0
2,276,0,23,0,23,1,0,0,1
346,280,2,1736,0,6008,0,0,0,0
410,0,29,0,0,7709,1,0,0,1
36,0,12,1,0,394,0,0,0,1
4218370,5512,15813,655,1,44847,0,0,0,0
7203,1,354,3,0,3235,1,0,0,1
371,5,45,1,0,70202,0,0,0,1
12,115,0,0,0,28,1,0,1,0
18,40,2,3,0,51,1,0,0,0
22703994,1,88796,0,1,2895,0,0,0,0
110,111,14,0,0,3609,0,0,0,1
546,96,16,12,0,2639,1,0,0,1
3,63,0,0,0,1,1,0,N/A,1
31,88,1,244,0,184,1,0,0,0
2016,67,56,86,0,24,1,0,0,0
2540943,129,7363,767,1,4470,0,0,0,0
15659,0,380,0,0,849518,1,0,0,1
82,83,9,3,0,653,0,0,0,1
68,133,0,9,0,1817,0,0,0,0
55,0,18,0,0,10002,0,0,0,1
6,2,2,0,0,6609,1,1,0,1
221,1056,5,14344,0,3394,0,0,1,0
280,0,24,0,0,717,1,0,0,1
515,1,52,0,0,1271,1,0,0,1
5,19,0,0,0,9,1,1,0,0
821,1279,164,246,0,585,0,0,0,0
265,238,4,139,0,534,0,0,0,0
2018998,2367,9238,1733,1,11443,0,0,1,0
270,89,13,16931,0,17273,0,0,0,0
227013,1,6349,0,1,210,0,0,0,0
27,87,3,78,0,63,0,0,0,0
348,302,10,8413,0,2578,0,0,0,0
53,400,1,1678,0,136,1,0,0,0
67,222,0,0,0,105,0,0,0,0
1109011,2190,6071,1117,1,19387,0,0,0,0
68,0,18,2,0,2407,1,0,0,1
978,2104,3,3,0,114,0,0,1,1
12,161,0,8,0,269,0,0,1,0
5418,4307,97,1,0,45675,0,0,0,1
43869,4786,69,125,0,120082,0,0,0,1
131328,147,2384,72,1,207,0,0,0,0
3745,0,171,0,0,3063,1,0,0,1
17118,385,950,4,0,3168,0,0,0,0
645,1303,33,934,0,6610,0,0,1,0
91,80,1,9,0,13524,0,0,0,0
867,1544,39,87,0,1058,0,0,0,0
37,456,0,5,0,587,1,0,0,0
137,0,24,0,0,86797,0,0,0,1
4294,7,41,134,0,72621,0,0,0,1
1961954,420,4731,879,1,1389,1,0,0,0
126,253,15,19,0,411,1,0,0,0
26,240,0,3,0,141,1,0,N/A,0
100,1,19,257,0,6605,1,0,0,1
1902,94,98,5,0,21114,0,0,0,1
305,4,13,0,0,112538,1,1,0,1
14,0,7,0,0,2653,1,0,0,1
276,540,6,21524,0,3062,1,0,1,1
264229,1376,4420,19928,1,1854,0,0,1,0
275,1,2,1,0,1961,0,0,0,1
77,1,27,0,0,5057,1,0,0,1
35,2118,5,364,0,570,0,0,0,1
101,1,19,0,0,1281,1,0,0,1
112,155,28,392,0,4620,0,0,0,0
49,237,0,83,0,1542,0,0,0,0
38,835,0,0,0,4,1,0,0,1
116,0,39,0,0,8421,1,0,0,1
5616,276,270,0,0,452,1,0,0,0
217,1207,15,333,0,918,0,0,0,0
237,1,32,0,0,27579,1,0,0,1
228,335,29,73,0,697,0,0,N/A,0
2028,951,15,57,1,3284,0,0,0,0
14732,491,225,1167,1,5376,0,0,0,0
148,1,18,0,0,178,0,0,0,1
281,0,27,0,0,879,0,0,0,1
436,1,53,0,0,25646,0,0,0,1
6,124,0,2,0,0,1,0,1,1
29879,108,88,1589,0,50659,0,0,0,1
5,5,0,2,0,29,0,0,0,0
27,2257,2,288,0,323,0,0,0,1
206,295,0,1506,0,13562,0,0,1,0
171,269,3,20,0,8061,1,0,0,0
1902,3,447,11,0,95201,1,0,0,1
9968,2,185,3399,0,8782,0,0,0,1
215,721,0,0,0,76,0,0,N/A,0
1696767,350,16478,167,1,1362,1,0,0,0
36,95,0,9,0,13,1,0,N/A,0
2676782,224,15949,645,1,4278,0,0,0,0
388,13,9,2,0,21390,1,0,0,1
235449,104,697,410,1,3143,0,0,0,0
8503,222,322,861,1,21716,0,0,0,0
151,1437,0,1,0,5,1,0,0,1
947,1587,34,5482,0,23747,1,0,0,0
137,843,22,11395,0,3361,1,0,0,0
32,54,0,10,0,16,1,0,1,0
227,375,3,94,0,209,1,0,0,0
1,455,0,72,0,121,1,0,0,1
31289,167,660,1002,1,980,0,0,0,0
1876,826,113,59,1,19476,0,0,0,0
2097,4,62,0,0,47707,0,0,0,1
16,116,0,13,0,18,1,0,0,0
23,39,0,4,0,11,1,0,0,0
10250,10378,194,211,0,262067,1,0,0,1
1,29,0,48,0,72,1,0,0,1
13,5,4,0,0,10693,0,0,0,1
32463,0,795,54,0,264,0,0,1,0
1793645,428911,15982,6881,1,155671,0,0,1,0
147,0,31,0,0,96,0,0,0,1
97,0,21,0,0,34097,1,0,0,1
5,389,0,1,0,0,1,0,N/A,1
129,238,6,610,0,3678,1,0,0,0
36,519,0,139,0,133,1,0,0,0
9,213,0,2,0,1,1,0,N/A,1
13,61,0,8,0,1,1,0,1,0
98,48,14,4,0,2830,1,0,0,1
3,698,0,136,0,178,1,0,0,1
5024,1265,395,4375,0,31149,0,0,0,0
261,0,10,6,0,3410,1,0,0,1
276,264,27,2,0,83013,0,0,0,1
43,1,19,0,0,3846,0,0,0,1
658530,369,2166,1163,1,13327,0,0,0,0
912,1167,56,3953,0,23127,0,0,0,0
326,947,0,0,0,13,1,0,1,1
0,60,0,0,0,0,1,1,N/A,1
1727,1030,38,117,0,1639,0,0,0,1
331,890,1,3,0,11,0,0,0,1
0,223,0,24,0,24,1,0,0,1
67,84,2,2,0,932,0,0,0,0
9,25,0,400,0,385,1,0,0,1
771,437,33,114,0,658,1,0,0,0
291,1,17,30,0,3223,0,0,0,1
115,154,1,4,0,4158,0,0,0,0
98,24,7,2,0,3336,1,0,0,1
289,124,32,2524,0,2770,1,0,0,0
25437224,1142,30410,56,1,56037,0,0,0,0
958913,3664,4424,467,1,44581,0,0,0,0
1806,1146,46,1671,0,2597,0,0,0,0
2026336,53,7295,6,1,487,0,0,0,0
132,538,0,25,0,25,1,0,0,0
1322,3001,49,2521,0,2965,0,0,0,0
581275,1671,7462,399,1,54262,0,0,0,0
747212,4206,6562,209,1,18438,0,0,0,0
3525964,623,37294,269,1,10793,0,0,0,0
8,766,1,142,0,208,0,0,0,1
747,639,33,3649,0,3918,0,0,1,0
80,98,8,2,0,375,1,0,0,1
24,85,0,11,0,7,1,1,0,0
1129,7,2,0,0,23557,0,0,0,1
64,279,2,15,0,83,1,0,0,0
6758,475,383,2735,0,2869,0,0,0,0
288,298,1,2949,0,2933,1,0,0,0
3702525,8875,20465,135,1,59937,0,0,1,0
99,0,17,0,0,1665,0,0,0,1
9,1,9,0,0,2983,0,0,0,1
128,0,6,0,0,151,1,0,0,1
2,21,0,2,0,1,1,1,1,1
86,184,0,6048,0,6128,0,0,0,0
4,0,5,0,0,127,1,0,1,1
405,324,9,1461,0,29930,0,0,0,0
78913,4643,2765,1117,1,12368,0,0,0,0
9548,4779,185,29,0,1931,0,0,0,0
76,1336,2,165,0,38,1,1,0,0
1264,1288,115,0,0,24133,1,0,0,1
19088,700,352,1948,1,9310,0,0,0,0
1444,17,192,0,0,54742,1,0,0,1
52,1,15,0,0,15085,0,0,0,1
1870168,637,8785,305,1,44689,0,0,0,0
163,206,11,12,0,502,1,0,0,1
1701,1,145,1,0,3105,1,0,0,1
1353547,11248,3914,2013,1,24483,0,0,0,0
2381045,78,7850,25,1,13979,0,0,0,0
2,101,0,2,0,7,1,0,N/A,1
239,0,53,0,0,22089,1,0,0,1
1148,7,12,6,0,24607,1,0,0,1
95,119,0,0,0,27,1,0,0,0
16,3,5,1,0,119,0,0,0,1
7872,2,264,2,0,72176,1,0,0,1
1,333,0,35,0,31,1,0,0,1
464418,373,6406,43,1,4906,0,0,0,0
8313,2,695,0,1,532,1,0,0,0
216,1,23,0,0,1725,1,0,0,1
40,0,18,0,0,5052,0,0,0,1
128,133,2,0,0,1969,0,0,0,0
30,564,0,5,0,22,1,0,1,1
216,12,13,0,0,2535,0,0,0,1
62,121,0,432,0,1260,0,0,0,0
2747,492,123,42,0,248,0,0,0,0
52957,710,1709,29,0,379275,0,0,0,1
24,17,0,0,0,3064,0,0,0,0
0,260,0,17,0,15,1,0,0,1
263,13,16,0,0,452,0,0,0,1
82,0,9,0,0,4591,0,0,0,1
428,483,16,5050,0,2195,0,0,0,0
1359462,978964,7101,11517,1,16099,0,0,0,0
49,2,17,7,0,323,1,0,0,1
13,88,1,6,0,10,1,0,0,0
98,274,7,1,0,37,0,0,0,1
332,242,16,2,0,366,0,0,0,1
709357,25237,2495,1448,1,6625,0,0,0,0
13519,32,485,2053,0,1311,1,0,0,0
8932,1015,193,32932,1,19498,0,0,1,0
645,652,15,598,0,359,1,0,1,0
6719130,82,10504,329,1,1317,0,0,0,0
1399,1705,1,2232,0,6309,0,0,0,0
15,159,2,0,0,525,0,0,0,1
273,0,19,0,0,7507,1,0,0,1
1811,15,262,20,0,29998,0,0,0,1
1161,133,16,308,0,670,0,0,0,0
129,88,1,2,0,54,0,0,0,0
2,360,0,27,0,60,1,0,0,1
3221,868,273,26430,0,17725,0,0,0,0
41,0,12,0,0,2397,0,0,0,1
1526,1346,5,3332,0,8662,0,0,1,0
14316643,44,6377,45,1,1080,0,0,1,0
27,1928,0,314,0,355,0,0,0,1
4547,2,138,137,0,59621,1,0,1,1
10280,1,270,0,0,1592,0,0,0,1
49,475,0,693,0,8,0,0,0,0
50,0,2,1,0,1557,1,0,0,1
35476,150,880,1380,0,484,0,0,0,0
21,23,0,0,0,3,1,0,0,0
21,114,0,0,0,7,0,0,0,0
96321564,203,142370,4272,1,7837,0,0,1,0
85,254,0,159,0,431,0,0,0,0
318,4,44,0,0,128811,0,0,0,1
67,496,0,0,0,3,1,0,0,0
3196,2536,135,6392,0,9983,0,0,0,0
15,84,0,28,0,25,0,0,0,0
75,4,12,12,0,1770,0,0,1,1
4,29,0,2,0,109,1,0,0,0
6,662,0,156,0,211,1,0,0,1
5904,5767,94,5044,0,381,0,0,1,0
193,268,0,139,0,4714,0,0,0,0
2039596,333,8897,42,1,3361,0,0,1,0
3153,103,6295,0,0,288368,1,0,0,1
61,150,0,191,0,130,1,0,0,1
64,0,26,0,0,3947,1,0,0,1
4309,2316,296,2583,0,5690,0,0,0,0
3,201,0,1,0,1,1,0,1,1
212,2,54,0,0,8468,1,0,0,1
1878,262,64,109,0,1718,0,0,0,0
61,146,3,77,0,82,1,0,N/A,0
185,1,14,0,0,573,1,0,0,1
9,484,0,87,0,109,1,0,0,1
36,119,0,1,0,76,0,0,0,0
38,75,0,0,0,496,0,0,0,0
72,703,0,65,0,4,1,0,1,0
66,1,13,0,0,2989,1,0,0,1
26,0,6,0,0,6832,1,0,0,1
8244,485,313,148,1,1715,0,0,0,0
750,566,20,35,0,5458,0,0,0,0
2459472,1725,6202,8367,1,12868,0,0,0,0
1474073,40,7304,13,1,8601,0,0,0,0
627,10,26,6,0,1634,0,0,0,1
7503,0,122,1,0,108527,1,0,0,1
4,343,1,0,0,1,1,1,0,1
11600,1271,253,5573,1,5832,0,0,1,0
4656143,1267,12753,2456,1,11252,0,0,0,0
5555,296,63,11881,0,10335,0,0,0,0
628,1814,8,115,0,2991,0,0,1,0
455,137,50,169,0,254,1,0,0,0
27,25,0,17,0,50,1,0,0,0
3,230,0,23,0,25,1,0,0,1
202,1,28,0,0,1678,1,0,0,1
8,0,8,0,0,2115,1,0,0,1
2226900,2284,24944,847,1,19873,0,0,0,0
170,3,2,0,0,22899,1,0,0,1
1633238,31049,6682,6642,1,5506,0,0,0,0
41,1,11,0,0,673,1,0,0,1
2482,1,94,4,0,5597,0,0,0,1
5,474,1,80,0,81,1,0,0,1
320,4,33,13,0,5570,1,0,0,1
228,64,5,1449,0,1015,0,0,1,0
36,1,11,0,0,793,1,0,0,1
209,16,20,0,0,21278,0,0,0,1
22,95,0,86,0,52,1,0,0,0
21,1921,1,260,0,322,0,0,0,1
74952,340,541,8101,1,7931,1,0,0,0
172,5,21,5,0,3497,0,0,0,1
26408349,41,66599,46,1,34592,0,0,0,0
0,235,0,14,0,14,1,0,0,1
20,195,0,1,0,32,1,0,0,0
6,84,0,1,0,3,1,0,1,0
6776,4,174,287,0,3753,1,0,0,1
4159,5001,120,15,0,51,1,0,0,1
42,204,5,5490,0,580,1,1,0,0
2,685,4,164,0,204,1,0,0,1
278,3370,0,485,0,48,1,0,0,0
45663,285,1423,5961,1,18715,0,0,0,0
35412,105,171,15,0,967,0,0,0,0
1983513,1675,28504,2658,1,40938,0,0,0,0
0,9,0,0,0,0,1,1,0,1
75,48,13,0,0,2080,0,0,0,1
13616221,760,37316,1178,1,9824,0,0,1,0
504,207,24,27,0,1546,0,0,0,0
10,0,9,0,0,5205,0,0,0,1
61,0,25,1,0,148294,1,0,0,1
22667,880,969,509,0,6306,0,0,0,0
1254,2,2852,3,0,335950,1,0,0,1
110,1,13,2,0,6511,0,0,0,1
9446,1020,129,14328,1,11364,0,0,1,0
1229427,337,5979,18,1,440,0,0,0,0
44697,415,814,2530,1,4654,0,0,0,0
1,496,0,95,0,108,1,0,0,1
5,505,0,90,0,114,1,0,0,1
20,1867,0,286,0,397,0,0,0,1
1075,455,36,964,0,1851,0,0,1,0
174,6,13,0,0,1699,1,0,0,1
2,4,0,0,0,1,1,1,0,0
22,0,10,0,0,1212,1,0,0,1
571,6,13,11,0,72830,1,0,0,1
273,37,42,0,0,10115,1,0,0,1
154,2,16,4,0,658,0,0,0,1
8,86,0,12,0,3,1,1,0,1
110,0,20,0,0,4185,1,0,0,1
14,28,0,0,0,52,0,0,0,0
3273,3296,0,34,0,3374,1,0,N/A,0
12,742,1,148,0,175,0,0,0,1
364,0,22,2,0,25220,1,0,0,1
5,69,0,2,0,0,1,1,N/A,1
50,0,0,0,0,926,1,1,0,1
337,2,42,12,0,7870,1,0,0,1
2,51,0,75,0,125,1,0,0,1
84127,11349,5022,27745,1,84045,0,0,1,0
879,1,151,2426,0,1217604,1,0,0,1
69,12,12,0,0,175,1,0,0,1
3246,2757,79,6466,0,69884,1,0,0,1
694,0,54,0,0,22368,1,0,0,1
67,0,13,1,0,144,0,0,0,1
0,297,0,262,0,36,1,1,0,0
943,1,75,0,0,14074,1,0,0,1
9,128,0,70,0,17,1,0,0,0
90,0,17,1,0,21327,1,0,0,1
9005238,781,22356,5483,1,10714,0,0,0,0
1120752,8561,9587,14350,1,9872,0,0,0,0
20,1883,1,302,0,374,0,0,0,1
2833,6,97,0,0,11889,1,0,0,0
28,921,0,54,0,8,1,0,N/A,0
330,302,6,2,0,2079,1,0,1,0
45,0,13,0,0,81,0,0,0,1
0,15,0,0,0,0,1,1,0,1
14896759,78,22872,38,1,1361,1,0,0,0
129,4,19,0,0,1168,1,0,0,1
0,14,0,81,0,95,1,0,0,1
118101,995,2280,31928,1,24564,0,0,1,0
1,38,0,74,0,89,1,0,0,1
63,1,15,0,0,2078,0,0,0,1
693,0,37,1,0,12910,0,0,0,1
6,43,0,12,0,2,1,0,1,1
11,80,0,0,0,1,0,0,0,0
411,2060,0,115,0,250,0,0,1,0
22270820,263,87505,2329,1,46185,0,0,0,0
34,787,0,7,0,2,1,1,0,1
86,2924,0,0,0,670,0,0,N/A,0
85,334,2,0,0,5609,0,0,N/A,0
6,36,0,77,0,151,1,0,0,1
31942389,373,58780,82,1,8453,0,0,0,0
206,124,0,0,0,4,1,0,0,1
1108807,1662,7220,2877,1,27085,0,0,1,0
3749,1,313,177,0,7931,0,0,0,0
96486,572,530,2104,1,3385,0,0,0,0
1787,1,24,0,0,27932,1,0,0,1
384433,423,1872,1356,1,9924,0,0,1,0
179,1,10,0,0,1149,1,0,0,1
66,2,24,0,0,432,1,0,0,1
13453399,679,48833,58,1,8652,0,0,0,0
184,0,8,0,0,1125,1,0,0,1
1527,777,9,28218,0,42282,0,0,1,0
15,0,11,0,0,31365,1,0,0,1
343,55,26,2,0,55,0,0,0,0
5370,82,75,607,0,7169,1,0,0,0
33419,1245,1067,1584,1,8469,0,0,0,0
646,1221,38,25654,0,26729,0,0,1,1
132,0,31,0,0,14516,1,0,0,1
23290650,319,35640,115,1,53864,0,0,0,0
17,4,4,0,0,228,1,1,0,1
2,353,0,18,0,30,1,0,0,1
4639,491,108,0,0,7,0,1,0,0
215,162,27,421,0,2450,0,0,1,0
9942665,462,3447,13946,1,7312,0,0,0,0
139,742,0,119,0,329,0,0,0,0
735,1,19,0,0,45914,0,0,0,1
1690,0,38,108,0,15530,1,0,0,1
351335,19,1221,395,1,25,0,0,0,0
